{
    "27.png": -2.0496277809143066,
    "0.png": -1.7766870260238647,
    "11.png": -2.257293701171875,
    "44.png": -2.142848014831543,
    "57.png": -1.171691656112671,
    "41.png": -2.1607348918914795,
    "25.png": -1.8391436338424683,
    "8.png": -2.057227373123169,
    "9.png": -2.2401366233825684,
    "38.png": -2.22216796875,
    "22.png": -2.142848014831543,
    "55.png": -1.4666059017181396,
    "19.png": -2.22216796875,
    "3.png": -1.819423794746399,
    "52.png": -1.5188766717910767,
    "36.png": -2.1860456466674805,
    "49.png": -1.7819328308105469,
    "20.png": -2.185431957244873,
    "53.png": -1.4424391984939575,
    "33.png": -2.1651947498321533,
    "17.png": -2.1999707221984863,
    "6.png": -2.202227830886841,
    "50.png": -1.8391436338424683,
    "34.png": -2.1999707221984863,
    "14.png": -2.0635392665863037,
    "47.png": -1.7159005403518677,
    "31.png": -2.197845220565796,
    "15.png": -2.1986677646636963,
    "1.png": -1.4376764297485352,
    "28.png": -1.399945616722107,
    "12.png": -2.241567373275757,
    "45.png": -1.9264323711395264,
    "58.png": -1.5762871503829956,
    "42.png": -2.199090003967285,
    "26.png": -1.5188766717910767,
    "39.png": -2.1969339847564697,
    "4.png": -1.8103952407836914,
    "10.png": -2.241302967071533,
    "43.png": -2.1052207946777344,
    "23.png": -1.8623619079589844,
    "56.png": -1.399945616722107,
    "40.png": -2.185431957244873,
    "24.png": -1.8694733381271362,
    "37.png": -2.1796555519104004,
    "7.png": -1.9191473722457886,
    "21.png": -2.199090003967285,
    "54.png": -2.0496277809143066,
    "18.png": -2.1860456466674805,
    "51.png": -1.562341570854187,
    "35.png": -2.2570488452911377,
    "48.png": -1.8694733381271362,
    "2.png": -1.5623646974563599,
    "32.png": -2.1696906089782715,
    "16.png": -2.1696906089782715,
    "29.png": -1.5762871503829956,
    "13.png": -2.191230058670044,
    "46.png": -1.8623619079589844,
    "59.png": -1.3972809314727783,
    "5.png": -1.6971983909606934,
    "30.png": -2.1986677646636963
}